p,T#,Type,Step Name,Video Description,T#prd-video-id,,Teacher note,url,stage-prd-id,Youtube-id,Notes
0,2,Video,المكونات الأساسية لمشروع mvc و العلاقة بينها,في هذا الفيديو سنتعرف على المكونات الأساسية لمشروع asp.net mvc هي النموذج model والواجهة view والموجه controller,,,المكونات-الاساسية-لمشروع-mvc-و-العلاقة-بينها,1227,,
1,2,Quiz,,,,,,1227,,
2,2,Video,التوجيه في mvc والذي يعرف بـ routing,في هذا الفيديو سنتعرف على التوجيه routing .والتوجيه يسمح بتعريف أنماط url patterns وربطها مع معالج الطلب وهو الموجه controller في asp.net mvc.,,,التوجيه-في-mvc-والذي-يعرف-بـ-routing,1227,,
3,2,Quiz,,,,,,1227,,
4,2,Video,الموجهات controllers,في هذا الفيديو سنتعرف على الموجهات controllers وتطبيق ما سنتعلمه من خلال مثال في مشروع share,,,الموجهات-controllers,1227,,
5,2,Quiz,,,,,,1227,,
6,2,Video,دوال الموجهات action methods,كل الدوال من نوع public في كلاس الموجه controller هي action methods وفي هذا الفيديو سنتعرف بالتفصيل على دوال الموجهات و قيمها الراجعة.,,,دوال-الموجهات-action-methods,1227,,
7,2,Quiz,,,,,,1227,,
8,2,Video,معاملات دوال الموجهات action methods parameters,في هذا الفيديو سنتعرف على معاملات دوال الموجهات action methods وكيفية تمريرها في العنوان query string.,,,معاملات-دوال-الموجهات-action-methods-parameters,1227,,
9,2,Quiz,,,,,,1227,,
10,2,Video,محددات دوال الموجهات action selectors,في هذا الفيديو سنتعرف على محددات دوال الموجهات action selectors وهي محددات تسبق دوال الموجهات action methods تساعد محرك التوجيه routing engine على اختيار الدالة المناسبة.,,,محددات-دوال-الموجهات-action-selectors,1227,,
13,2,Video,النماذج models,في هذا الفيديو سنتعرف على النماذج models وهي مسؤولة عن البيانات ومنطق العمل business logic فس asp.net mvc.,,,النماذج-models,1227,,
11,2,Quiz,,,,,,1227,,
12,2,Challenge,,,,,,1227,,
14,2,Video,إنشاء نموذج معدل model,المطلوب منك هو إنشاء نموذج معدل من النموذج السابق sharetool باسم product أي منتج.,,,انشاء-نموذج-معدل-model,1227,,
15,2,Quiz,,,,,,1227,,
16,2,Challenge,,,,,,1227,,
17,2,Video,الواجهات views,في هذا الفيديو سنتعرف على الواجهات views وهي عبارة عن واجهة المستخدم تقوم بعرض البيانات من النموذج model وتسمح للمستخدم بتعديل هذا البيانات.,,,الواجهات-views,1227,,
18,2,Quiz,,,,,,1227,,
19,2,Challenge,,,,,,1227,,
20,2,Video,الربط بين النموذج والواجهة والموجه model view controller,في هذا الدرس سنتعرف على بعض المفاهيم المتقدمة في asp.net mvc مثل قواعد كتابة razor و التحقق validation والعديد من المفاهيم الأخرى التي تساعدك على بناء تطبيقات ويب متكاملة باستخدام asp.net mvc,,,الربط-بين-النموذج-والواجهة-والموجه-model-view-controller,1227,,
21,2,Quiz,,,,,,1227,,
22,2,Challenge,,,,,,1227,,
0,3,Video,قواعد كتابة razor,razor هو محرك عرض view engine يسمح لنا بكتابة مزيج من كود html و كود c شارب. في هذا الفيديو سنتعرف على قواعد كتابة razor,,,قواعد-كتابة-razor,1228,,
1,3,Quiz,,,,,,1228,,
2,3,Video,تعرف على الـ html helpers,في هذا الفيديو سنتعرف على html helpers وكيفية استخدامها في الواجهات views.,,,تعرف-على-الـ-html-helpers,1228,,
3,3,Quiz,,,,,,1228,,
4,3,Video,ربط النماذج model binding,في هذا الفيديو سنتعرف على مفهوم الـ model binding والذي يتم على خطوتين الأولى استخلاص القيم من طلب http والثانية تحويل هذه القيم إلى متغيرات من أنواع بسيطة أو معقدة.,,,ربط-النماذج-model-binding,1228,,
5,3,Quiz,,,,,,1228,,
6,3,Challenge,,,,,,1228,,
7,3,Video,التحقق من الصحة validation,في هذا الفيديو سنتعرف على كيفية تطبيق التحقق من الصحة validation في تطبيقات asp.net mvc,,,التحقق-من-الصحة-validation,1228,,
8,3,Quiz,,,,,,1228,,
9,3,Challenge,,,,,,1228,,
10,3,Video,التعرف على layout view,يحتوي كل تطبيق ويب بعض الأجزاء التي تتكرر على عدة صفحاتمثل الـ header والـ footer والقائمة ولتجنب كتابة نفس الكود في كل الصفحات يتم استخدام layout view وفي هذا الفيديو سنتعرف كيف يتم ذلك.,,,التعرف-على-layout-view,1228,,
11,3,Quiz,,,,,,1228,,
12,3,Challenge,,,,,,1228,,
13,3,Video,التعرف على partial view,في هذا الفيديو سنتعرف على partial view وهي واجهات قابلة لإعادة الاستخدام حيث تستخدم كواجهات جزئية في واجهات أخرى.,,,التعرف-على-partial-view,1228,,
14,3,Quiz,,,,,,1228,,
15,3,Challenge,,,,,,1228,,
16,3,Video,التعرف على كل من viewdata -  viewbag  -  tempdata,في هذا الفيديو سنتعرف على بعض الطرق لتبادل المعلومات بشكل مؤقت بين الموجه controller و الواجهة view,,,التعرف-على-كل-من-viewdata----viewbag-----tempdata,1228,,
17,3,Quiz,,,,,,1228,,
19,3,Video,المرشحات filters,في هذا الفيديو سنتعرف على المرشحات filters والمرشح filter هو كلاس يكتب لتنفيذ مهمة ما قبل أو بعد تنفيذ دالة الموجه action method.,,,المرشحات-filters,1228,,
20,3,Quiz,,,,,,1228,,
21,3,Video,التجميع stylebundle و scriptbundle,في هذا الفيديو سنتعرف على التجميع وهو تقنية تساعد في تقليل وقت تحميل صفحة الويب وذلك من خلال تحميل مجموعة من الملفات بطلب http request واحد.,,,التجميع-stylebundle-و-scriptbundle,1228,,
22,3,Quiz,,,,,,1228,,
23,3,Video,المناطق areas,في هذا الدرس سنتعلم كيفية تطبيق التعريب localization في تطبيق asp.net mvc,,,المناطق-areas,1228,,
24,3,Quiz,,,,,,1228,,
0,4,Video,مقدمة عن التعريب وأهميته,في هذا الفيديو سنتعرف على التعريب وهو توفير محتوى تطبيق asp.net mvc باللغة العربية مما يسهل على متحدثي هذه اللغة استخدام التطبيق.,,,مقدمة-عن-التعريب-واهميته,1229,,
1,4,Quiz,,,,,,1229,,
2,4,Video,ملفات المصادر resource files,في هذا الفيديو سنتعرف على ملفات المصادر resource files وهي ملفات تستخدم لتخزين المحتوى النصي للتطبيق بلغات مختلفة وبالتالي يمكن تغيير اللغة حسب رغبة المستخدم.,,,ملفات-المصادر-resource-files,1229,,
3,4,Quiz,,,,,,1229,,
4,4,Video,استخدام التعريب في asp.net mvc,في هذا الفيديو سنقوم بتعريب مشروع share الذي عملنا عليه منذ بداية هذه الدروس.,,,استخدام-التعريب-في-asp-net-mvc,1229,,
5,4,Quiz,,,,,,1229,,
6,4,Video,اللمسات الأخيرة لمشروع Share,في هذا الفيديو سنقوم بإضافة التعديلات الأخيرة على شكل ومحتوى مشروع Share,,,اللمسات-الاخيرة-لمشروع-Share,1229,,
0,1,Video,التعرف على ms sql server و sql server management studio,في هذا الفيديو سنتعرف على كل من ms sql server وبرنامج sql server management studio.,,,التعرف-على-ms-sql-server-و-sql-server-management-studio,1230,,
1,1,Quiz,,,,,,1230,,
2,1,Video,قاعدة البيانات وكيفية إنشائها,في هذا الفيديو سنتعرف على قاعدة البيانات وهي مجموعة منظمة من البيانات مخزنة بطريقة معينة تسهل عملية قراءتها.,,,قاعدة-البيانات-وكيفية-إنشائها,1230,,
3,1,Quiz,,,,,,1230,,
4,1,Video,الجداول وكيفية إنشائها,في هذا الفيديو سنتعرف على كيفية إنشاء الجداول في mssql. وسنقوم بإنشاء جدول tools وهو خاص بالأدوات المتوفرة للمشاركة في مشروع share.,,,الجداول-وكيفية-إنشائها,1230,,
5,1,Quiz,,,,,,1230,,
6,1,Video,المفتاح الأساسي,المفتاح الأساسي هو حقل أو مجموعة من الحقول لا تقبل قيم فارغة null وتكون فريدة لكل سطر في الجدول لا يمكن تكرارها أبدا. في هذا الفيديو سنتعرف على كيفية إضافة مفتاح أساسي للجدول tool,,,المفتاح-الاساسي,1230,,
7,1,Quiz,,,,,,1230,,
0,2,Video,عبارة insert,في هذا الفيديو سنتعرف على عبارة insert والتي تستخدم لإدخال البيانات إلى الجدول,,,عبارة-insert,1231,,
1,2,Quiz,,,,,,1231,,
2,2,Challenge,,,,,,1231,,
3,2,Video,عبارة update,في هذا الفيديو سنتعرف على عبارة update والتي تستخدم لتعديل سطر أو مجموعة من الأسطر في الجدول. كما سنتعرف على عبارة where والتي تستخدم لإضافة شروط إلى الاستعلامات في sql.,,,عبارة-update,1231,,
4,2,Quiz,,,,,,1231,,
5,2,Challenge,,,,,,1231,,
6,2,Video,عبارة delete,في هذا الفيديو سنتعرف على عبارة delete والتي تستخدم لحذف سطر أو مجموعة من الأسطر في الجدول.,,,عبارة-delete,1231,,
7,2,Quiz,,,,,,1231,,
8,2,Challenge,,,,,,1231,,
9,2,Video,عبارة select,في هذا الفيديو سنتعرف على عبارة select وهي عبارة تستخدم لاسترجاع البيانات من قاعدة البيانات. وسنقوم باستخدام عبارات where و order by لإضافة شروط لعبارة select وترتيب النتائج بحسب حقل أو مجموعة من الحقول.,,,عبارة-select,1231,,
10,2,Quiz,,,,,,1231,,
11,2,Challenge,,,,,,1231,,
12,2,Video,عبارات التجميع group by,في هذا الفيديو سنتعرف على عبارة التجميع group by وهي عبارة تستخدم لتجميع نتائج بعض الحقول باستخدام دوال مثل count و sum بحسب قيم حقول أخرى.,,,عبارات-التجميع-group-by,1231,,
13,2,Quiz,,,,,,1231,,
14,2,Challenge,,,,,,1231,,
0,3,Video,علاقة واحد لواحد,في هذا الفيديو سنتعرف على أول نوع للعلاقات بين الجداول وهي علاقة واحد لواحد حيث يرتبط كل سطر من الجدول الأول بسطر واحد فقط من الجدول الثاني.,,,علاقة-واحد-لواحد,1232,,
1,3,Quiz,,,,,,1232,,
2,3,Video,علاقة واحد لعدة,في هذا الفيديو سنتعرف على علاقة واحد لعدة حيث يرتبط كل سطر من الجدول الأول مع عدة أسطر من الجدول الثاني.,,,علاقة-واحد-لعدة,1232,,
3,3,Quiz,,,,,,1232,,
4,3,Video,علاقة عدة لعدة,في هذا الفيديو سنتعرف على علاقة عدة لعدة حيث يرتبط كل سطر من الجدول الأول بعدة أسطر من الجدول الثاني وفي نفس الوقت كل سطر من الجدول الثاني يرتبط بعدة أسطر من الجدول الأول.,,,علاقة-عدة-لعدة,1232,,
5,3,Quiz,,,,,,1232,,
6,3,Video,عبارة join,في هذا الفيديو سنتعرف على عبارة join وهي عبارة تستخدم لاسترجاع البيانات من قاعدة بيانات توجد علاقات بين جداولها.,,,عبارة-join,1232,,
7,3,Quiz,,,,,,1232,,
8,3,Challenge,,,,,,1232,,
0,4,Video,المناظير ​views,في هذا الفيديو سنتعرف على المناظير views وهي جداول افتراضية تبنى باستخدام نتيجة استعلام sql.,,,المناظير-​views,1233,,
1,4,Quiz,,,,,,1233,,
2,4,Video,الإجراءات المخزنة stored procedure,في هذا الفيديو سنتعرف على الإجراءات المخزنة stored procedure وهي عبارة عن كود sql يتم حفظه مما يوفر إمكانية إعادة استخدامه مرات عدة.,,,الاجراءات-المخزنة-stored-procedure,1233,,
3,4,Quiz,,,,,,1233,,
4,4,Challenge,,,,,,1233,,
0,5,Video,التخزين الاحتياطي,في هذا الفيديو سنتعرف على التخزين الاحتياطي و سنتعلم خطوة بخطوة كيفية إجراء نسخ احتياطي لقاعدة البيانات في مشروع share.,,,التخزين-الاحتياطي,1234,,
1,5,Quiz,,,,,,1234,,
2,5,Video,الاسترجاع,في هذا الفيديو سنتعرف على الاسترجاع restore وذلك لاسترجاع النسخة الاحتياطية التي قمنا بإنشائها سابقا لقاعدة بيانات المشروع share.,,,الاسترجاع,1234,,
3,5,Quiz,,,,,,1234,,
0,6,Video,التعرف على البنية متعددة الطبقات n-tier architecture,في هذا الفيديو سنتعرف على البينة متعددة الطبقات n-tier architecture والتي تستخدم لفصل المسؤوليات وتسهيل إدارة كود المشروع.,,,التعرف-على-البنية-متعددة-الطبقات-n-tier-architecture,1235,,
1,6,Quiz,,,,,,1235,,
2,6,Video,إضافة مشروع جديد إلى مجلد المشروع واستخدام entity framework database,في هذا الفيديو سنتعرف على طريقة إضافة مشروع جديد يقوم باستخدام entity framework database للوصول إلى قاعدة البيانات.,,,اضافة-مشروع-جديد-إلى-مجلد-المشروع-واستخدام-entity-framework-database,1235,,
3,6,Quiz,,,,,,1235,,
4,6,Video,إضافة مشروع الطبقة الوسيطة business logic layer,في هذا الفيديو سنتعلم كيفية إضافة طبقة business logic layer والتي تقوم بالتواصل مع طبقة الـ data access layer وتفيد في إخفاء تفاصيل تخزين البيانات عن طبقة مشروع asp.net mvc.,,,إضافة-مشروع-الطبقة-الوسيطة-business-logic-layer,1235,,
5,6,Quiz,,,,,,1235,,
6,6,Challenge,,,,,,1235,,
7,6,Video,إجراء عمليات الـ crud من خلال مشروع asp.net mvc,في هذا الفيديو سنقوم بتعديل مشروع share وجعله يستخدم البيانات المسترجعة من قاعدة البيانات.,,,إجراء-عمليات-الـ-crud-من-خلال-مشروع-asp-net-mvc,1235,,
8,6,Quiz,,,,,,1235,,
0,7,Video,مقدمة في التوثيق authentication,في هذا الفيديو سنتعرف على التوثيق authentication وأهميته في تطبيقات ومواقع الويب.,,,مقدمة-في-التوثيق-authentication,1236,,
1,7,Quiz,,,,,,1236,,
2,7,Video,إضافة التوثيق authentication إلى مشروع asp.net mvc,في هذا الفيديو سنقوم باستخدام asp.net identity لإضافة التوثيق إلى مشروع asp.net mvc.,,,اضافة-التوثيق-authentication-الى-مشروع-asp-net-mvc,1236,,
0,8,Video,استخدام asp.net identity في مشروع share,في هذا الفيديو سنقوم باستخدام asp.net identity لإضافة التوثيق إلى مشروع share,,,استخدام-asp-net-identity-في-مشروع-share,1237,,
1,8,Video,إضافة الأدوار roles والمستخدمين الافتراضيين للتطبيق,في هذا الفيديو سنقوم بإضافة الأدوار roles والمستخدمين الافتراضيين لمشروع share حيث سنقوم بإضافة دور مدير التطبيق admin role ومستخدما افتراضيا يمتلك دور مدير التطبيق,,,اضافة-الادوار-roles-والمستخدمين-الافتراضيين-للتطبيق,1237,,
2,8,Video,بناء واجهات المستخدم العادي,في هذا الفيديو سنقوم ببناء واجهات المستخدم العادي مثل واجهة إضافة أداة جديدة للمشاركة.,,,بناء-واجهات-المستخدم-العادي,1237,,
3,8,Video,إضافة خاصية تحميل صورة الأداة,في هذا الفيديو سنقوم بإضافة خاصية تحميل صورة الأداة إلى واجهة إضافة أداة جديدة. وذلك باستخدام دوال وكلاسات الملفات files المعرفة مسبقا في لغة البرمجة c شارب.,,,اضافة-خاصية-تحميل-صورة-الاداة,1237,,
4,8,Video,بناء كود استعارة الأدوات,في هذا الفيديو سنقوم بكتابة كود استعارة أداة من قبل المستخدم العادي لمشروع share,,,بناء-كود-استعارة-الادوات,1237,,
5,8,Video,بناء واجهات مدير التطبيق admin user,في هذا الفيديو سنقوم ببناء واجهات مدير التطبيق admin user . حيث سنقوم بإضافة واجهة يتمكن من خلالها مدير التطبيق من عرض طلبات الاستعارة وإدارتها.,,,بناء-واجهات-مدير-التطبيق-admin-user,1237,,
6,8,Video,إكمال كود صفحة إدارة طلبات الاستعارة,في هذا الفيديو سنقوم بإكمال كود صفحة إدارة طلبات الاستعارة الخاصة بمدير التطبيق في مشروع Share,,,اكمال-كود-صفحة-ادارة-طلبات-الاستعارة,1237,,
0,1,Video,ماهو الـ api ولماذا نستخدمه,في هذا الفيديو سنتعرف على واجهة برمجة التطبيقات api، وهي مجموعة من الدوال تسمح للمبرمجين باستخدام خصائص وبيانات خاصة بتطبيق آخر.,,,ماهو-الـ-api-ولماذا-نستخدمه,1238,,
1,1,Quiz,,,,,,1238,,
2,1,Video,التعرف على نوع الـ restful api,في هذا الفيديو سنتعرف على واجهة برمجة التطبيقات من نوع restful وهي اختصار لـ representational state transfer  أي نقل الحالة التمثيلية.,,,التعرف-على-نوع-الـ-restful-api,1238,,
3,1,Quiz,,,,,,1238,,
0,2,Video,التعرف على مكونات الـ api في asp.net,في هذا الفيديو سنتعرف على مكونات واجهة برمجة التطبيقات api في asp.net,,,التعرف-على-مكونات-الـ-api-في-asp-net,1239,,
1,2,Quiz,,,,,,1239,,
2,2,Video,إنشاء موجه واجهة التطبيق web api controller,في هذا الفيديو سنتعرف على موجه واجهة التطبيق web api controller، و سنتعلم معا إنشاء دوال تمثل نقاط النهاية endpoints,,,إنشاء-موجه-واجهة-التطبيق-web-api-controller,1239,,
3,2,Quiz,,,,,,1239,,
5,2,Video,القيم الناتجة عن واجهة برمجة التطبيق action results in web api,في هذا الفيديو سنتعرف على القيم الناتجة عن واجهة برمجة التطبيق action results، وهي عبارة عن القيم الراجعة من دوال موجه واجهة برمجة التطبيق web api controller.,,,القيم-الناتجة-عن-واجهة-برمجة-التطبيق-action-results-in-web-api,1239,,
6,2,Quiz,,,,,,1239,,
7,2,Video,استهلاك الـ api,في هذا الفيديو سنقوم باستهلاك الـ api وذلك باستخدام كود جافا سكريبت لعرض الأدوات المتوفرة للمشاركة في صفحة ويب بسيطة.,,,استهلاك-الـ-api,1239,,
8,2,Quiz,,,,,,1239,,
9,2,Video,التوثيق authentication والترخيص authorization في web api,في هذا الفيديو سنتعرف على كيفية التوثيق authentication والترخيص authorization في مشروع web api وذلك باستخدام asp.net identity و owin,,,التوثيق-authentication-والترخيص-authorization-في-web-api,1239,,
10,2,Quiz,,,,,,1239,,
11,2,Video,إنشاء صفحات المساعدة API Help Pages,عندما تقوم ببناء API من المفيد إنشاء صفحات المساعدة، حتى يعرف المبرمجون طريقة استخدام الـ API، في هذا الفيديو سنتعرف على طريقة إنشاء صفحات المساعدة في ASP.NETذ,,,انشاء-صفحات-المساعدة-API-Help-Pages,1239,,
12,2,Quiz,,,,,,1239,,
0,1,Video,ماهو النشر ولماذا نحتاج إليه,في هذا الفيديو سنتعرف على النشر deployment وهو عملية نشر تطبيق أو موقع الويب على خادم ويب ليتمكن مستخدمو الويب من الوصول إليه.,,,ماهو-النشر-ولماذا-نحتاج-إليه,1240,,
1,1,Quiz,,,,,,1240,,
2,1,Video,الاستضافة والخوادم التي تدعم asp.net,في هذا الفيديو سنتعرف على الاستضافة web hosting كما سنتعرف على بعض الخوادم التي تدعم asp.net,,,الاستضافة-والخوادم-التي-تدعم-asp-net,1240,,
3,1,Quiz,,,,,,1240,,
0,2,Video,إعداد مشروع asp.net mvc,في هذا الفيديو سنتعرف على الخطوات التي يجب القيام بها لإعداد مشروع asp.net للنشر ومنها تغيير إعدادات ملف web.config,,,اعداد-مشروع-asp-net-mvc,1241,,
1,2,Quiz,,,,,,1241,,
2,2,Video,النشر إلى مجلد,في هذا الفيديو سنتعلم نشر مشروع asp.net إلى مجلد باستخدام برنامج visual studio,,,النشر-إلى-مجلد,1241,,
3,2,Quiz,,,,,,1241,,
4,2,Video,التعرف على iis,في هذا الفيديو سنتعرف على  iis وهو عبارة عن خادم ويب متعدد الاستخدامات يعمل على أنظمة تشغيل ويندوز.,,,التعرف-على-iis,1241,,
5,2,Video,النشر إلى خادم iis باستخدام visual studio,في هذا الفيديو سنتعرف على طريقة نشر مشروع asp.net إلى خادم iis باستخدام برنامج visual studio.,,,النشر-إلى-خادم-iis-باستخدام-visual-studio,1241,,
6,2,Quiz,,,,,,1241,,
7,2,Video,النشر عن طريق ftp باستخدام visual studio,في هذا الفيديو سنتعرف على طريقة نشر مشروع asp.net mvc عن طريق ftp بروتوكول نقل الملفات file transfer protocol باستخدام برنامج visual studio.,,,النشر-عن-طريق-ftp-باستخدام-visual-studio,1241,,
8,2,Video,النشر إلى خوادم Microsoft Azure باستخدام Visual Studio,في هذا الفيديو سنتعرف على طريقة نشر مشروع ASP.NET MVC إلى خوادم Microsoft Azure باستخدام Visual Studio,,,النشر-إلى-خوادم-Microsoft-Azure-باستخدام-Visual-Studio,1241,,
0,1,Video,شرح مشروع حكاية,في هذا الفيديو سنتعرف على مشروع حكاية و هو تطبيق ويب يتمكن من خلاله المستخدمون من نشر حكايات متنوعة للأطفال. الهدف منه تنمية القدرة على التخيل عند الأطفال الذين لا يمكنهم الوصول إلى مصادر أخرى للمعرفة والمتعة.,,,شرح-مشروع-حكاية,1242,,
1,1,Video,التعرف على مكونات تصميم مشروع حكاية,في هذا الفيديو سنتعرف على مكونات مشروع حكاية التي سنقوم ببنائها معا خطوة بخطوة من خلال هذه الدروس.,,,التعرف-على-مكونات-تصميم-مشروع-حكاية,1242,,
2,1,Video,إنشاء قاعدة بيانات مشروع حكاية,في هذا الفيديو سنقوم ببناء قاعدة البيانات الخاصة بمشروع حكاية. وذلك باستخدام الأدوات المتاحة في برنامج ms sql server management studio.,,,انشاء-قاعدة-بيانات-مشروع-حكاية,1242,,
3,1,Quiz,,,,,,1242,,
0,2,Video,إنشاء مشروع asp.net mvc و تفعيل التوثيق باستخدام asp.net identity authentication,في هذا الفيديو سنقوم بإنشاء مشروع asp.net mvc وإضافة طبقات المشروع,,,انشاء-مشروع-asp-net-mvc-و-تفعيل-التوثيق-باستخدام-asp-net-identity-authentication,1243,,
1,2,Video,إنشاء طبقة الوصول للبيانات باستخدام entity framework,في هذا الفيديو سنقوم بإنشاء طبقة الوصول للبيانات باستخدام entity framework,,,انشاء-طبقة-الوصول-للبيانات-باستخدام-entity-framework,1243,,
2,2,Video,إنشاء طبقة منطق العمل business layer,في هذا الفيديو سنقوم بإنشاء طبقة منطق العمل  business layer,,,انشاء-طبقة-منطق-العمل-business-layer,1243,,
3,2,Video,إكمال طبقة منطق العمل business layer,في هذا الفيديو سنقوم بإكمال طبقة منطق العمل  business layer و ذلك بإضافة كلاسات لكل جدول من جداول قاعدة البيانات.,,,اكمال-طبقة-منطق-العمل-business-layer,1243,,
4,2,Video,إنشاء مشروع المصادر resources,في هذا الفيديو سنقوم بإنشاء مشروع المصادر resources لتوفير إمكانية تعدد اللغات في المشروع,,,انشاء-مشروع-المصادر-resources,1243,,
5,2,Quiz,,,,,,1243,,
0,3,Video,إضافة حكايات جديدة للموقع,في هذا الفيديو سنقوم ببناء واجهة لإضافة حكايات جديدة للموقع,,,اضافة-حكايات-جديدة-للموقع,1244,,
1,3,Video,إكمال إضافة حكايات جديدة للموقع,في هذا الفيديو سنقوم بإكمال ما بدأنا به في الفيديو السابق وذلك لبناء واجهة لإضافة حكايات جديدة للموقع,,,اكمال-اضافة-حكايات-جديدة-للموقع,1244,,
2,3,Video,إضافة واجهة مدير التطبيق لمراجعة الحكايات,في هذا الفيديو سنقوم ببناء واجهة لمدير التطبيق يتمكن من خلالها من نشر الحكايات التي تم إضافتها من قبل مستخدمي الموقع.,,,اضافة-واجهة-مدير-التطبيق-لمراجعة-الحكايات,1244,,
3,3,Video,عرض الحكايات بشكل مختصر في الصفحة الرئيسية,في هذا الفيديو سنقوم بعرض الحكايات التي تم نشرها من قبل مدير التطبيق في الصفحة الرئيسية للموقع.,,,عرض-الحكايات-بشكل-مختصر-في-الصفحة-الرئيسية,1244,,
4,3,Video,عرض تفاصيل الحكاية,في هذا الفيديو سنقوم بإضافة صفحة عرض تفاصيل الحكاية والتي من خلالها يتمكن زوار الموقع من قراءة الحكايات.,,,عرض-تفاصيل-الحكاية,1244,,
6,3,Video,إضافة زر حفظ الحكاية وعرض الحكايات المحفوظة,في هذا الفيديو سنقوم بإضافة خاصية حفظ الحكايات لقراءتها لاحقا وأيضا سنقوم ببناء واجهة لعرض الحكايات المحفوظة.,,,اضافة-زر-حفظ-الحكاية-وعرض-الحكايات-المحفوظة,1244,,
7,3,Video,إضافة زر إرسال رسالة للكاتب,في هذا الفيديو سنقوم بإضافة خاصية إرسال رسالة أو تعليق لكاتب الحكاية.,,,اضافة-زر-ارسال-رسالة-للكاتب,1244,,
8,3,Video,عرض الرسائل المرسلة للكاتب,في هذا الفيديو سنقوم بإضافة واجهة لعرض الرسائل المرسلة لكاتب الحكاية.,,,عرض-الرسائل-المرسلة-للكاتب,1244,,
9,3,Video,إضافة خاصية البحث إلى الصفحة الرئيسية,في هذا الفيديو سنقوم بإضافة خاصية البحث إلى الصفحة الرئيسية للموقع,,,اضافة-خاصية-البحث-الى-الصفحة-الرئيسية,1244,,
10,3,Video,نشر مشروع حكاية,في هذا الفيديو سنقوم بنشر مشروع حكاية,,,نشر-مشروع-حكاية,1244,,